Computing Topics,Context Topics,Libraries Used,Language,Level,Last Updated,Resource Link,Source Institution
"programmatic arithmetic, using variables","calculate cost of purchases, tax, entrepreneurship",,Python,CS1,2023,https://colab.research.google.com/drive/1hDc7mFYqFKmuHZFxBI6Wmbko0aV7gocT?authuser=2,Stony Brook University
"programmatic arithmetic, using variables",calculate monthly lease payment for a car,,Python,CS1,2023,https://colab.research.google.com/drive/1g5R7yHZ8JZoEC8cBNPg_bmaYct-6hEty?authuser=2,Stony Brook University
"programmatic arithmetic, using variables, unit conversion",calculate time to fill a car's gas tank,,Python,CS1,2023,https://colab.research.google.com/drive/1yduCM27PE_hY2iR-Ty2IH8VZYDou7Y8h?authuser=2,Stony Brook University
"programmatic arithmetic, using variables",calculate calories burned when excercising,,Python,CS1,2023,https://colab.research.google.com/drive/1EOkyYItM08l6d_hOvqm-6O6meSsSrvO8?authuser=2,Stony Brook University
"programmatic arithmetic, using variables","geometry, cemetery headstones",math,Python,CS1,2023,https://colab.research.google.com/drive/1JydLf4di0o5cu606jRGwoiDhIo5RkqZV?authuser=2,Stony Brook University
"programmatic arithmetic, using variables, unit conversion","compute basal metabolic rate, health, medical, biology",,Python,CS1,2023,https://colab.research.google.com/drive/1roIrozam_cPjtJ6NKZvSEBOUvbOe8bjq?authuser=2,Stony Brook University
programmatically evaluating mathematical expressions,mathematical expressions,,Python,CS1,2023,https://colab.research.google.com/drive/139kc056PTFtgXt6H2WzGI1PRbe5ZkTqI?authuser=2,Stony Brook University
programmatically evaluating mathematical expressions,mathematical expressions,,Python,CS1,2023,https://colab.research.google.com/drive/145zgscHHzhl89W9e9H00VbNAm28tRAaw?authuser=2,Stony Brook University
programmatically evaluating mathematical expressions,mathematical expressions,,Python,CS1,2023,https://colab.research.google.com/drive/1WTLnsJQJuVI25GdM35kie0dflKLdmy8E?authuser=2,Stony Brook University
programmatically evaluating mathematical expressions,mathematical expressions,,Python,CS1,2023,https://colab.research.google.com/drive/1i7tmFhjubDN9vO93ATnV9zxMsSezgDGk?authuser=2,Stony Brook University
"programmatic arithmetic, using variables","food, local eatery, entrepreneurship",,Python,CS1,2023,https://colab.research.google.com/drive/190WfEXBmCYx4ZjxXGa4rjX53BH8JB8aP?authuser=2,Stony Brook University
"programmatic arithmetic, using variables, unit conversion",calculate car fuel efficiency,,Python,CS1,2023,https://colab.research.google.com/drive/122fVeH11cRVAAfvTenn7I4H57ZZMSSGP?authuser=2,Stony Brook University
"programmatic arithmetic, using variables, unit conversion","calculate cost of gas tank refil, car",,Python,CS1,2023,https://colab.research.google.com/drive/1gk60qbIdO-UJSN6bcGlWJxsdVoOFwwS5?authuser=2,Stony Brook University
"programmatic arithmetic, using variables","geometry, gold, NASA's Mars Explorer, astronomy, robots",math,Python,CS1,2023,https://colab.research.google.com/drive/13okyapuAjHAW9yIV_ZFN2ma5k5vCdSgu?authuser=2,Stony Brook University
"programmatic arithmetic, using variables","geometry, wood, furniture",math,Python,CS1,2023,https://colab.research.google.com/drive/1t_6ycttIeR7HZtXF0wyCDLTCLpeFmuMc?authuser=2,Stony Brook University
"programmatic arithmetic, using variables, unit conversion","cashier, local supermarket, making change",,Python,CS1,2023,https://colab.research.google.com/drive/1Hdl_gE3cWy9Z_mXR9fwb1R-Gw6GvZAMZ?authuser=2,Stony Brook University
"programmatic arithmetic, using variables, unit conversion",ancient Greek currency,,Python,CS1,2023,https://colab.research.google.com/drive/1YVh6E47Z3u2o7jYcR3oyTeWruwTl4W49?authuser=2,Stony Brook University
"programmatic arithmetic, using variables, unit conversion",Olde England currency,,Python,CS1,2023,https://colab.research.google.com/drive/1qsDMuRE9DWP2lk1b_C2uP_P0KIttICmV?authuser=2,Stony Brook University
"programmatic arithmetic, using variables","purchase school supplies, bookfair",,Python,CS1,2023,https://colab.research.google.com/drive/1GbXV7XtpPPtEN1ppd_4o3BOzXAlgyQrr?authuser=2,Stony Brook University
"programmatic arithmetic, using variables","geometry, mechanical parts",math,Python,CS1,2023,https://colab.research.google.com/drive/1pSoiXMPC6i3NvkY_pTMifGVDG4RgqTQy?authuser=2,Stony Brook University
"functions, programmatic arithmetic, unit conversion",car fuel consumption,,Python,CS1,2023,https://colab.research.google.com/drive/1QGUkfrJL3Rn29DoPhRtz-6t0_Uw9xrei?authuser=2,Stony Brook University
"functions, programmatic arithmetic, string formatting",mathematical expressions,,Python,CS1,2023,https://colab.research.google.com/drive/17X4JvlhhT6_GdCSdQ263Jhu65PVMCG9o?authuser=2,Stony Brook University
"functions, programmatic arithmetic",mathematical expressions,,Python,CS1,2023,https://colab.research.google.com/drive/1-nVJEOfR9XOuyKmpQqSjJlawS6uaHVZx?authuser=2,Stony Brook University
"functions, programmatic arithmetic, using variables, string formatting","geometry, volume of mechanical part",math,Python,CS1,2023,https://colab.research.google.com/drive/1MJV2S8smKHFwSAitTeuWaLtdIyD3Bt5e?authuser=2,Stony Brook University
"functions, programmatic arithmetic, unit conversion",calculate running speed,,Python,CS1,2023,https://colab.research.google.com/drive/1v-_U9EiMeDa6Wsxfdm1Ci234e0sHMp9u?authuser=2,Stony Brook University
"functions, programmatic arithmetic, string formatting","geometry, toys",math,Python,CS1,2023,https://colab.research.google.com/drive/1FT4_F_dBpNgobbWcIyOfLnNVaO9HQE9O?authuser=2,Stony Brook University
"functions, programmatic arithmetic",geometry,math,Python,CS1,2023,https://colab.research.google.com/drive/1V2Cap_3TyDQ7D5mUy8R1efRuCMsuG-M-?authuser=2,Stony Brook University
"functions, unit conversion, programmatic arithmetic, string formatting",calculate displacement,,Python,CS1,2023,https://colab.research.google.com/drive/11DSqv6r9GOfKej1KPon5pwIRjcEVE74e?authuser=2,Stony Brook University
"functions, unit conversion, programmatic arithmetic","geometry, construction",,Python,CS1,2023,https://colab.research.google.com/drive/1QsoHdReuX35Jo3MH5ee5CN0_eYYKd3kG?authuser=2,Stony Brook University
"functions, unit conversion, programmatic arithmetic, string formatting","compute basal metabolic rate, health, medical",,Python,CS1,2023,https://colab.research.google.com/drive/15TUbb_H8mWr4Q1nI0S76PEQH8mO91lmk?authuser=2,Stony Brook University
"functions, programmatic arithmetic, string formatting",mathematical expressions,,Python,CS1,2023,https://colab.research.google.com/drive/10sk026PhqzjdNIYfMArhVJ4D5gJKGPcr?authuser=2,Stony Brook University
"functions, programmatic arithmetic",mathematical expressions,,Python,CS1,2023,https://colab.research.google.com/drive/1aLBdOXuLi6InF4ZtOkNVHHg0yQryP6cH?authuser=2,Stony Brook University
"functions, programmatic arithmetic",mathematical expressions,,Python,CS1,2023,https://colab.research.google.com/drive/17OurVO4fXdcslY50_gzsw_7QemtvGJga?authuser=2,Stony Brook University
"functions, programmatic arithmetic, string formatting",mathematical expressions,,Python,CS1,2023,https://colab.research.google.com/drive/1kJ18kupuA6KKapwZaaVRA_v1I5BrBYp1?authuser=2,Stony Brook University
"functions, programmatic arithmetic",mathematical expressions,,Python,CS1,2023,https://colab.research.google.com/drive/1Is6bjj4U1yRhgrygElYlgfSrh3NbBtgF?authuser=2,Stony Brook University
"functions, programmatic arithmetic","currency exchange, euros, US dollars",,Python,CS1,2023,https://colab.research.google.com/drive/1tUsoyGDeBGAEuJcslK9V02vbFKIbp-62?authuser=2,Stony Brook University
"functions, programmatic arithmetic","calculate cost of gas tank refil, car",,Python,CS1,2023,https://colab.research.google.com/drive/1yizmUbmr4jgXCS5n3dSMz0PVIgzL02Qy?authuser=2,Stony Brook University
"functions, programmatic arithmetic","heat, temperature, chemistry, physics",,Python,CS1,2023,https://colab.research.google.com/drive/1B2AcSY0ZJufVMiYJ-3CXzEmcrCjioX2J?authuser=2,Stony Brook University
"functions, programmatic arithmetic, string formatting",calculate time to refill a pool,,Python,CS1,2023,https://colab.research.google.com/drive/1qMsouHrne1585Tv_NiqgJw3738jk2_0D?authuser=2,Stony Brook University
"functions, programmatic arithmetic",population estimation,,Python,CS1,2023,https://colab.research.google.com/drive/1f6ouJtQEQaeofNpFkG5t4RmaiHuTcnQY?authuser=2,Stony Brook University
"functions, programmatic arithmetic","geometry, farmhouse",,Python,CS1,2023,https://colab.research.google.com/drive/14GDB76WEzkFePB8WIKDdgHVI_EaBO46E?authuser=2,Stony Brook University
"functions, programmatic arithmetic",vacation planner,,Python,CS1,2023,https://colab.research.google.com/drive/1fq0xYRMdC--fHhI0sWsUcIHUJeD9MsvG?authuser=2,Stony Brook University
"functions, programmatic arithmetic",download time calculator,,Python,CS1,2023,https://colab.research.google.com/drive/13qVZT-3vrjUk5XNFLsXxQYEiYTFf1qIa?authuser=2,Stony Brook University
"conditional statements, functions",calculate auto insurance premium,,Python,CS1,2023,https://colab.research.google.com/drive/1ggwzZUA1uMnQr_FqC7QSQbRew8Y486A2?authuser=2,Stony Brook University
"conditional statements, functions",calculate train fare,,Python,CS1,2023,https://colab.research.google.com/drive/1f03dxWYu5wE5R30ZSDH034G0ruKuRN3z?authuser=2,Stony Brook University
"conditional statements, functions, string formatting","compute basal metabolic rate, total daily energy expenditure,  health, medical, biology",,Python,CS1,2023,https://colab.research.google.com/drive/1Gk0CYDcFj0uN9cyvTMQ3Wl687M8yPzFw?authuser=2,Stony Brook University
"conditional statements, functions, programmatic arithmetic",college student's academic level,,Python,CS1,2023,https://colab.research.google.com/drive/1EEh870raxXpA8mtmuPnuJ7qo__BMFIDY?authuser=2,Stony Brook University
"conditional statements, functions, programmatic arithmetic",compute water bill,,Python,CS1,2023,https://colab.research.google.com/drive/1CnBmoavlYOILmcaWbYXOGz2-kTMYn_ng?authuser=2,Stony Brook University
"conditional statements, functions, programmatic arithmetic",calculate computer price,,Python,CS1,2023,https://colab.research.google.com/drive/1RjPP8dLmwAUvmHy9fj-_qizrcUN5fEf6?authuser=2,Stony Brook University
"conditional statements, functions, programmatic arithmetic, string formatting","car customization, design",,Python,CS1,2023,https://colab.research.google.com/drive/1Eqv6vJVeozU9fYGS4Ry8vQIHNE99vpn3?authuser=2,Stony Brook University
"conditional statements, functions","voltage, physics, electronics, waveforms",,Python,CS1,2023,https://colab.research.google.com/drive/1TMNRAmkoUdFZSQC5zRvuGagGrf0aLxHc?authuser=2,Stony Brook University
"conditional statements, functions, programmatic arithmetic, string formatting","mathematical expressions, piecewise functions",math,Python,CS1,2023,https://colab.research.google.com/drive/1HeF6U_PZpDzAiwJvTsHKQWBTgFwEnMCu?authuser=2,Stony Brook University
"conditional statements, functions, programmatic arithmetic, string formatting","mathematical expressions, piecewise functions",math,Python,CS1,2023,https://colab.research.google.com/drive/1albCVdVIturwxYlJ4PSrD4BnJWruvGo2?authuser=2,Stony Brook University
"conditional statements, functions, programmatic arithmetic","mathematical expressions, piecewise functions",,Python,CS1,2023,https://colab.research.google.com/drive/1Jp9AXercbAOJ2jqzv-AUUCWZedByqjJ9?authuser=2,Stony Brook University
"conditional statements, functions, programmatic arithmetic","mathematical expressions, piecewise functions",math,Python,CS1,2023,https://colab.research.google.com/drive/1OKx_83f8eMGBxoL4fLZbbDpWfyQIfFsK?authuser=2,Stony Brook University
"unit conversion, functions, conditional statements",temperature,,Python,CS1,2023,https://colab.research.google.com/drive/14FnkPRMI9ceW6IA8bFW9bkSv1MurFtJA?authuser=2,Stony Brook University
"conditional statements, functions, programmatic arithmetic",four operator calculator,,Python,CS1,2023,https://colab.research.google.com/drive/15Q0c3uXnqqzbjzvrDbSMVQR7MTPvzD8v?authuser=2,Stony Brook University
"conditional statements, functions",classify students as full or part time,,Python,CS1,2023,https://colab.research.google.com/drive/1fO7pM9Mf938DpkLoMP8h2DrVjLIO5x5q?authuser=2,Stony Brook University
"conditional statements, functions, programmatic arithmetic",gas rewards,,Python,CS1,2023,https://colab.research.google.com/drive/1sTDbR6u10OoWPF7eyGXmzbgA2xdd7oR1?authuser=2,Stony Brook University
"conditional statements, functions, programmatic arithmetic, string formatting",generate a purchase order,,Python,CS1,2023,https://colab.research.google.com/drive/1yHaKNGEaQf4MkK5aHemPU9cib5NrzBPR?authuser=2,Stony Brook University
"conditional statements, functions, programmatic arithmetic","food, popular fast food restuarant, meal cost calculator",,Python,CS1,2023,https://colab.research.google.com/drive/1WnYCWt-dCnrl-09EgekV5wbnGZTM-vEv?authuser=2,Stony Brook University
"conditional statements, functions, programmatic arithmetic, string formatting","state (MA) unemployment benefits, economics, income, wage",,Python,CS1,2023,https://colab.research.google.com/drive/1AEEhcsOiOBvUNqtlGpG3YLoq23Uv9v_M?authuser=2,Stony Brook University
"conditional statements, functions, programmatic arithmetic","movie ticket discount, Fandango",,Python,CS1,2023,https://colab.research.google.com/drive/1KU86jhwkxx3wDGxZ2giY-mnlekjfkLBT?authuser=2,Stony Brook University
"conditional statements, functions, programmatic arithmetic","movie ticket discount, Fandango",,Python,CS1,2023,https://colab.research.google.com/drive/1h5uEGqzNW9JUsiRxSzLDZvYldsfkFq67?authuser=2,Stony Brook University
"conditional statements, functions, programmatic arithmetic, string formatting","state (NY) unemployment benefits, economics, income, wage",,Python,CS1,2023,https://colab.research.google.com/drive/1AaBTY6q9To-_DVUSw84PdM9xQ4DwcPXg?authuser=2,Stony Brook University
"conditional statements, functions",personal computer assistance greeter,,Python,CS1,2023,https://colab.research.google.com/drive/1W23rgSwhaF1lpSryHbQUlIyNcObdQifp?authuser=2,Stony Brook University
"conditional statements, functions, programmatic arithmetic, string formatting",postage rates,,Python,CS1,2023,https://colab.research.google.com/drive/1TuF7CjJWxiOHhZE03D9OIpFMZ0r0JLOs?authuser=2,Stony Brook University
"conditional statements, functions, programmatic arithmetic, string formatting","stock trades, economics",,Python,CS1,2023,https://colab.research.google.com/drive/1tU6FHunLbHTokyeD1alFRphfvUFZ0LIW?authuser=2,Stony Brook University
"conditional statements, functions, programmatic arithmetic",temperature converter,,Python,CS1,2023,https://colab.research.google.com/drive/1cbpFdRLkEzjpj-trKIwjSDFCJpgnobnS?authuser=2,Stony Brook University
"conditional statements, functions, programmatic arithmetic, string formatting","pizza, food, purchase order",,Python,CS1,2023,https://colab.research.google.com/drive/1XVoE0AfQEkrWmFWD33GhEdvCPChcaJzC?authuser=2,Stony Brook University
"conditional statements, functions","Ages & Stages Questionnaire, medical, child development",,Python,CS1,2023,https://colab.research.google.com/drive/1C3ml2IKzkfQnIwJijEAgwP7ZDLxtLVSr?authuser=2,Stony Brook University
"conditional statements, functions",levels of education,,Python,CS1,2023,https://colab.research.google.com/drive/1dlj-1Y1YLTCMUpDNbGXcnSYpMHd_Yrdu?authuser=2,Stony Brook University
"conditional statements, functions, programmatic arithmetic","rewards program, school id or mascot",,Python,CS1,2023,https://colab.research.google.com/drive/1jPw7vXaRIXMB0cb2vf9eFX7hFzMFgGbd?authuser=2,Stony Brook University
"conditional statements, functions, programmatic arithmetic, string formatting","local restaurant, food, school mascot, Chipotle",,Python,CS1,2023,https://colab.research.google.com/drive/15v1sVDofWT-9ZpLThxpolTUQBTE__mjg?authuser=2,Stony Brook University
"string basics, find in string, string concatenation, functions",HTML tags,,Python,CS1,2023,https://colab.research.google.com/drive/1R29T5XfVEthAmdXKMz62wiaPQeP2w2Sj?authuser=2,Stony Brook University
"string basics, find in string, string concatenation, functions, case sensitive strings, conditional statements","encryption, decryption",,Python,CS1,2023,https://colab.research.google.com/drive/1R1cyCtIeHEZC152YV7IYfW0BXhcPLAwz?authuser=2,Stony Brook University
"functions, conditional statements, find in string, string basics",compute total weight of object,,Python,CS1,2023,https://colab.research.google.com/drive/1lrfV1u_Vvlb_iL7VxA4A4CG9ftik-9Tt?authuser=2,Stony Brook University
"string basics, functions, string parsing","encryption, decryption",,Python,CS1,2023,https://colab.research.google.com/drive/1lMtD3kcbviL1oRWvs60HGNUwMod8mHSM?authuser=2,Stony Brook University
"functions, find in string","decompose a URL, webpages",,Python,CS1,2023,https://colab.research.google.com/drive/1GHHNmuCXZdcTBlAM9SGNf_wyk1aaaJBK?authuser=2,Stony Brook University
"conditional statements, string parsing",decompose a US phone number,,Python,CS1,2023,https://colab.research.google.com/drive/1rDZ8CCcOjRq3bLZ1GcURprxN5ciLRsZO?authuser=2,Stony Brook University
"functions, find in string, conditional statements",finding love online,,Python,CS1,2023,https://colab.research.google.com/drive/1uLXF7l9uHADf4njs-JHPuZQWyfT0wYoJ?authuser=2,Stony Brook University
"functions, string basics, string parsing",word insertion,,Python,CS1,2023,https://colab.research.google.com/drive/13WreSwPato8fiqgVwx5M9RbLjjaUiY1j?authuser=2,Stony Brook University
"string parsing, string concatentation, functions","language formation, Pig Latin",,Python,CS1,2023,https://colab.research.google.com/drive/1NXJ3Q_FUiLSqpmQw_QOrna9z0mkAGjNf?authuser=2,Stony Brook University
"functions, string basics, conditional statements","US government, legislative action, Congress, US Constitution",,Python,CS1,2023,https://colab.research.google.com/drive/1z4iTLMUdipEkN_-TROf2vQabvUzJkFIp?authuser=2,Stony Brook University
"functions, conditional statements",car repair shop,,Python,CS1,2023,https://colab.research.google.com/drive/1dfqB7YaaGBmRmSR28X5M0p0eLcXZNa3L?authuser=2,Stony Brook University
"functions, conditional statements, case sensitivity, string concatenation, string parsing","Pig Latin, translation",,Python,CS1,2023,https://colab.research.google.com/drive/104rYzDS76j_8Bb-ektFHQiC-srSqQ01m?authuser=2,Stony Brook University
"functions, string parsing, string basics, conditional statements",Rickster encryption and decryption,,Python,CS1,2023,https://colab.research.google.com/drive/1-hWpHqvUlOjvUoFYse1tZzrrZsu9g812?authuser=2,Stony Brook University
"functions, conditional statements, string parsing, string basics, string concatenation","language modifier, institution culture",,Python,CS1,2023,https://colab.research.google.com/drive/1uWHdHpqBb2ke5hgJv7eE85hsgIl2Kmrq?authuser=2,Stony Brook University
"string basics, conditional statements, functions, case sensitivity, string parsing",word scrambler,,Python,CS1,2023,https://colab.research.google.com/drive/1YxEhdadB28M2VEHvrfCvn_duRFguLXQo?authuser=2,Stony Brook University
"functions, conditional statements, string basics, string concatenation","verb tense, lingustics",,Python,CS1,2023,https://colab.research.google.com/drive/1Dav47q_qyv-fmGsdM0DQwCyuQTjNWYzx?authuser=2,Stony Brook University
"functions, conditional statements, find in string, string basics, string parsing","organize volunteering event, event planning",,Python,CS1,2023,https://colab.research.google.com/drive/1beV4OFm9csAZ9bLtZm1CTpy6uC7w0eRg?authuser=2,Stony Brook University
"functions, conditional statements, find in string, string concatenation, string parsing",weather report prank,,Python,CS1,2023,https://colab.research.google.com/drive/1681uJfiqHm21SLK9xdNHQIG5986VB9XG?authuser=2,Stony Brook University
"functions, conditional statements, string parsing",credit card classification,,Python,CS1,2023,https://colab.research.google.com/drive/1IuBWa8x424Ok76XuUNTrSpaSbk8_9MgT?authuser=2,Stony Brook University
"functions, string basics, conditional statements, for loops",robots,,Python,CS1,2023,https://colab.research.google.com/drive/1PyhT4TEUyarE_6VrkCqaEF06OAg2sDRS?authuser=2,Stony Brook University
"functions, string basics, for loops","passwords, IT",,Python,CS1,2023,https://colab.research.google.com/drive/108zblOKusFzNBGVEJOLjDJ6uWyvzdEIz?authuser=2,Stony Brook University
"functions, string basics, for loops","Dance Dance Revolution, game",,Python,CS1,2023,https://colab.research.google.com/drive/1WX0eowUs3XNrqrsEUok0J18rhNaMQ3Gf?authuser=2,Stony Brook University
"functions, programmatic arithmetic, for loops",mathematical expressions,,Python,CS1,2023,https://colab.research.google.com/drive/1EATs9Kpb0_rEWa7ghaGn5TPHfv6g2FmF?authuser=2,Stony Brook University
"functions, for loops, string basics, conditional statements",word similarity,,Python,CS1,2023,https://colab.research.google.com/drive/1PZD0JAzspS1XqQdhDimdVgSz52wr9K_T?authuser=2,Stony Brook University
"functions, for loops, conditional statements","Dice Wars, games",,Python,CS1,2023,https://colab.research.google.com/drive/1wewqF23HP_wq7syhbjxajiKICJviG4AD?authuser=2,Stony Brook University
"functions, for loops, conditional statements, string concatenation","elementary education, math",,Python,CS1,2023,https://colab.research.google.com/drive/1fKXW_dTiSBz547HQwc3HZg7hxc8HFH1v?authuser=2,Stony Brook University
"functions, for loops, conditional statements, string concatenation",Unicode values,,Python,CS1,2023,https://colab.research.google.com/drive/1bgIEFx6oXNeJzBkf54spJaoG0Juthj1C?authuser=2,Stony Brook University
"functions, conditional statements, string basics, for loops",mathematical expressions,,Python,CS1,2023,https://colab.research.google.com/drive/12CPqzr6gcXFGu8xXWF2xmo5aOIA1BIpA?authuser=2,Stony Brook University
"functions, conditional statements, string basics, for loops",mathematical expressions,,Python,CS1,2023,https://colab.research.google.com/drive/1b5RJkQEsZU_PTl8EE6pH3ZkNg5IbKAZS?authuser=2,Stony Brook University
"functions, conditional statements, string basics, for loops",mathematical expressions,,Python,CS1,2023,https://colab.research.google.com/drive/1-KNf9TV8LhqEXfS9qei66iEgIIS0AsIx?authuser=2,Stony Brook University
"functions, programmatic arithmetic, for loops, conditional statements","mathematical expressions, piecewise functions",,Python,CS1,2023,https://colab.research.google.com/drive/1Nr0x6IJ-PHdkIoddarZuyt2RKj7QAoW0?authuser=2,Stony Brook University
"functions, programmatic arithmetic, for loops",mathematical expressions,,Python,CS1,2023,https://colab.research.google.com/drive/1VRnKbUeLZ_1npIrVIPp39zxw2HBMQphS?authuser=2,Stony Brook University
"functions, conditional statements, string basics, for loops",password strength calculator,,Python,CS1,2023,https://colab.research.google.com/drive/1LLRNfFGUmLSiz9AvJeewvDcke--WQFsu?authuser=2,Stony Brook University
"functions, conditional statements, string basics, for loops",password strength calculator,,Python,CS1,2023,https://colab.research.google.com/drive/1qVob2pA7S6W0i-gM89G1sJUgMB-yEFAb?authuser=2,Stony Brook University
"functions, conditional statements, string basics, for loops",password strength calculator,,Python,CS1,2023,https://colab.research.google.com/drive/1KSGuRW1oSKGHRONFJ1k9wYu5m8IC5gSQ?authuser=2,Stony Brook University
"string basics, functions, conditional statements, for loops",password strength calculator,string,Python,CS1,2023,https://colab.research.google.com/drive/14Z-EE8JxWaMzpMhGuAw42iB2pwpF3g5F?authuser=2,Stony Brook University
"functions, conditional statements, string basics, for loops",password strength calculator,,Python,CS1,2023,https://colab.research.google.com/drive/1tE1A2f6Lvuw0PeNCEzGFriRLDTFisImP?authuser=2,Stony Brook University
"functions, for loops, conditional statements, lists, string concatenation, tuples","Robot Turtles, board game",copy,Python,CS1,2023,https://colab.research.google.com/drive/1mP5R_CLfoeUMKPcpuAngy6NylbWogHff?authuser=2,Stony Brook University
"functions, for loops, conditional statements, string concatenation","Rovarspraket, Swedish, word game, Pig Latin",,Python,CS1,2023,https://colab.research.google.com/drive/1AjThoDAoA1PskOlZI0ypnSdPv81nHjOt?authuser=2,Stony Brook University
"functions, for loops, string basics, conditional statements",encryption,,Python,CS1,2023,https://colab.research.google.com/drive/1EeouPjSA17UMwl9xoHqNSUzSAQTXizZr?authuser=2,Stony Brook University
"functions, for loops, string basics, conditional statements, string concatenation","computers, system logs",,Python,CS1,2023,https://colab.research.google.com/drive/1Gbu24xy5OUuLolJldjgKlF2JDbfxB9JL?authuser=2,Stony Brook University
"functions, for loops, conditional statements",robots,,Python,CS1,2023,https://colab.research.google.com/drive/1TBBBx1SUXGmLPR-JRq2PyzDPRhamJ4x8?authuser=2,Stony Brook University
"functions, for loops, conditional statements, string basics",Spongebob meme,,Python,CS1,2023,https://colab.research.google.com/drive/1hCKQX4pCUEtKL1HIwwspUWR4L9M29-y9?authuser=2,Stony Brook University
"functions, conditional statements, string basics","food, scrambled eggs, encryption, decryption",,Python,CS1,2023,https://colab.research.google.com/drive/112pifLwG1mF6AX2y6KselhlRfx1ktqlD?authuser=2,Stony Brook University
"functions, for loops, conditional statements, string basics, string concatentation","Sydney cipher, Caesar cipher, encryption",,Python,CS1,2023,https://colab.research.google.com/drive/1oTijIwr7AmM-uo54y0xyZl5j0-PSULhz?authuser=2,Stony Brook University
"functions, conditional statements, string basics, string concatenation, while loops, for loops, lists","ciphers, encryption, decryption",,Python,CS1,2023,https://colab.research.google.com/drive/1NMCqqt5xwJH2eMWvbqKrf6W0UjfBcxpA?authuser=2,Stony Brook University
"functions, for loops, string basics, string concatenation, conditional statements, find in string",fictional language,,Python,CS1,2023,https://colab.research.google.com/drive/1D1GQs2bhUCvOkiUKGj8zyJpxZemfOcP4?authuser=2,Stony Brook University
"functions, string basics, conditional statements, string concatenation","clock, 24 hour time",,Python,CS1,2023,https://colab.research.google.com/drive/1bChECwSc0Er5JMSI-gR9jrHDrpAWm2VO?authuser=2,Stony Brook University
"functions, string basics, lists, map","capitalize, alphabetize, words",,Python,CS1,2023,https://colab.research.google.com/drive/1E0TRSuembTEBMngYsKWIsiBBLTh7UvzR?authuser=2,Stony Brook University
"functions, lists",sports teams,,Python,CS1,2024,https://colab.research.google.com/drive/1ocLNT6--45SWzulJqvF6NOOFIHXL16l6?authuser=2,Stony Brook University
"functions, conditional statements, string basics",date comparison,,Python,CS1,2023,https://colab.research.google.com/drive/1Sdqi25VZ1pi-ch52Z2phv4LPeCQjVm60?authuser=2,Stony Brook University
"functions, string basics, lists","GPA, resume, internships",,Python,CS1,2023,https://colab.research.google.com/drive/1IyCnf3umli9wg8JnEMVGoLzIjxbn5X8m?authuser=2,Stony Brook University
"functions, lists","clubs, attendance",,Python,CS1,2023,https://colab.research.google.com/drive/11xmLhLQqlTiTh3RLEyvTJzczli5VuA1_?authuser=2,Stony Brook University
"functions, lists","top performing student, grades",,Python,CS1,2023,https://colab.research.google.com/drive/19dBDfrY99xp6Q-OeAMYgFI95KTnEkN8w?authuser=2,Stony Brook University
"functions, string basics, lists, conditional statements","shipwreck, island, calendar",,Python,CS1,2023,https://colab.research.google.com/drive/1eexeLCke6TrnERgAOK5JtZsn-7qPHuew?authuser=2,Stony Brook University
"functions, conditional statements, lists, programmatic arithmetic","poker, card games",,Python,CS1,2024,https://colab.research.google.com/drive/1j5DSx_bArNC7BESe065SH8nA-Kjg5_2n?authuser=2,Stony Brook University
"functions, lists",GPA,,Python,CS1,2023,https://colab.research.google.com/drive/1UMx3Va584RvCZAEswngydlNQc7J4WYfU?authuser=2,Stony Brook University
"functions, conditional statements, lists","swap entries, student records",,Python,CS1,2023,https://colab.research.google.com/drive/1X5cEb4cTDhtOQGKTnh3xIM7hfNuqiBrr?authuser=2,Stony Brook University
"functions, lists, string basics, conditional statements","clock, 24 hour time",,Python,CS1,2023,https://colab.research.google.com/drive/1kunowkFYMxEcJBDMTlyXx7RolgXIA5m8?authuser=2,Stony Brook University
"functions, lists","test scores, students",,Python,CS1,2023,https://colab.research.google.com/drive/1GEiSYA6Q_e0XKqbOrelqq2qWDcZIrby8?authuser=2,Stony Brook University
"functions, lists, conditional statements, for loops","acronym maker, words",,Python,CS1,2023,https://colab.research.google.com/drive/1eL1ISeUKsnWOiVFBSIN1r3ii_n2OsmMF?authuser=2,Stony Brook University
"functions, lists, for loops, conditional statements","activity scheduling, camp counselor",,Python,CS1,2023,https://colab.research.google.com/drive/1b_TZaffaESbC1w823ON0VS60rlJYDY4b?authuser=2,Stony Brook University
"functions, lists, for loops, conditional statements","purchases, budget, money",random,Python,CS1,2023,https://colab.research.google.com/drive/1FqpCKdId72o4wDwurX9mBC-HeZ4pKh62?authuser=2,Stony Brook University
"functions, lists, for loops, conditional statements",car maintance budget,,Python,CS1,2023,https://colab.research.google.com/drive/19ASSVegIC5g4ow0kg-Wdk2AvxMBNSbPu?authuser=2,Stony Brook University
"functions, lists, for loop, conditional statements, case sensitivity, string basics","case sensitivity, Unicode values, words",,Python,CS1,2023,https://colab.research.google.com/drive/1e_B6zcEfTaoG8tyK_ARHWen8CA_Jlwpq?authuser=2,Stony Brook University
"functions, lists, for loops, conditional statements, programmatic arithmetic",car rental,,Python,CS1,2023,https://colab.research.google.com/drive/179rz8Rw-cBkCnj-V-U2rteTEJ1FrZ7mK?authuser=2,Stony Brook University
"functions, lists, for loops, programmatic arithmetic","Catalan numbers, Fibonacci sequence, math",,Python,CS1,2023,https://colab.research.google.com/drive/13W_u70M_ETDnD4ztcKQX4nlA_oBgf-FX?authuser=2,Stony Brook University
"functions, for loops, lists, conditional statements","school mascot, local eateries, cafe, coffee",,Python,CS1,2023,https://colab.research.google.com/drive/1XS8zt5Sqh4X_yep_wa7ktdQFjwmI0qvY?authuser=2,Stony Brook University
"functions, string basics, for loops, lists","compute elapsed time, 24 hour time",,Python,CS1,2023,https://colab.research.google.com/drive/1OmCH5fwxuz4Um3bRX26SJihf2Tp0B4DK?authuser=2,Stony Brook University
"function, lists, for loops, conditional statements","Pokemon, gacha game",,Python,CS1,2023,https://colab.research.google.com/drive/1pRPcfbCnVCbYYj0-gXnzWJSPr4V8o4Wc?authuser=2,Stony Brook University
"functions, conditional statements, for loops, conditional statements, string basics","Dean's list, students, grades",,Python,CS1,2023,https://colab.research.google.com/drive/1Q_-TdIPjsr3fSyHqe7FRNdocjVccU0eL?authuser=2,Stony Brook University
"functions, lists, for loops, conditional statements",factors of numbers in descending order,,Python,CS1,2023,https://colab.research.google.com/drive/1ciiFI3n-O_eDO0tlNb_cDWzrs95jEiW4?authuser=2,Stony Brook University
"functions, for loops, conditional statements","Duck, Duck, Goose, game",,Python,CS1,2023,https://colab.research.google.com/drive/12zcbPyTDc1Fx8ZrQ1w2r99A3kkHwuOjM?authuser=2,Stony Brook University
"functions, for loops, programmatic arithmetic, conditional statements","Euler's Totient Function, number theory, cryptography",,Python,CS1,2024,https://colab.research.google.com/drive/12zcbPyTDc1Fx8ZrQ1w2r99A3kkHwuOjM?authuser=2,Stony Brook University
"functions, lists, for loops, conditional statements, string basics",file organizer,,Python,CS1,2023,https://colab.research.google.com/drive/1rxWqWyu5eOhDBiyhTi-xi0cTHEL0foQp?authuser=2,Stony Brook University
"functions, lists, for loops, conditional statements","voting, polling locations",,Python,CS1,2023,https://colab.research.google.com/drive/1vnLCh10QoQEXFZvJU_Zu8REWPia1Sif4?authuser=2,Stony Brook University
"functions, lists, for loops, string concatenation, string basics",generate IDs,,Python,CS1,2024,https://colab.research.google.com/drive/1SSwUGyMXrJ9X4C_nGLKEp8Wbry6aUeZQ?authuser=2,Stony Brook University
"functions, conditional statements, for loops, lists",GPA calculator,,Python,CS1,2023,https://colab.research.google.com/drive/1RFb6xeveXObcMnAl97pXKmmKpWl4lOGZ?authuser=2,Stony Brook University
"programmatic arithmetic, functions, conditional statements, for loops, lists",IT help desk simulator,,Python,CS1,2023,https://colab.research.google.com/drive/1ONV1rQotAUVnBbXmOpbfqNaGk0aTTrzY?authuser=2,Stony Brook University
"functions, lists, conditional statements, for loops",interleaving lists,,Python,CS1,2023,https://colab.research.google.com/drive/1Hm5dW0Hy-65uj-dJ9Deqzfgue4thI1by?authuser=2,Stony Brook University
"function, for loop, string basics, conditional statements, lists","inventory manager, online shopping",,Python,CS1,2023,https://colab.research.google.com/drive/1u97Qk8wF0-7iXGdXeg_89Nk2igu2nsNK?authuser=2,Stony Brook University
"functions, string basics, lists, for loops, conditional statements","letter puller, words",,Python,CS1,2023,https://colab.research.google.com/drive/162Hic9leptQZTS0gbm7KeUqh7gL3TQ7C?authuser=2,Stony Brook University
"functions, lists, for loops, conditional statements","meals, food, fast food restaurants",,Python,CS1,2023,https://colab.research.google.com/drive/1pEEcN3TZOiCLh6JvKY9jk5pTjbhR0KDY?authuser=2,Stony Brook University
"function, lists, for loops, conditional statements",match brackets,,Python,CS1,2023,https://colab.research.google.com/drive/1xIs7zV35ASBRzpGofIxipTjcbKu6DYz0?authuser=2,Stony Brook University
"functions, lists, for loops, conditional statements, string concatenation",student status,,Python,CS1,2023,https://colab.research.google.com/drive/18dD4ilUg3zRsmncTH-GPaXSUJQsWlXJb?authuser=2,Stony Brook University
"functions, lists, for loops, conditional statements","Pair Up! game, basketball",,Python,CS1,2024,https://colab.research.google.com/drive/1I4EXmhhbehIuOhP2vopBLp8FIGyIV8k2?authuser=2,Stony Brook University
"functions, lists, for loops, conditional statements","palindrome finder, words",,Python,CS1,2024,https://colab.research.google.com/drive/1Y8VXPtJGgU8Qzl-PT4YxexFq8qLSsQ2c?authuser=2,Stony Brook University
"functions, lists, for loops, conditional statements","party cost calculator, pizza",,Python,CS1,2023,https://colab.research.google.com/drive/12Yd8CJ9x_0mXsAFSxSZ4zS6SOQ-qOhee?authuser=2,Stony Brook University
"functions, lists, for loops, programmatic arithmetic",pentagonal numbers,,Python,CS1,2023,https://colab.research.google.com/drive/13v6eHXe3SdR5uH1jIKXoXw7dujhUfbUq?authuser=2,Stony Brook University
"functions, lists, conditional statements, string formatting","local coffee shop, coffee order",,Python,CS1,2023,https://colab.research.google.com/drive/1TA_mEKy_TkI7z6JszAMv8zWFRLq0r8hU?authuser=2,Stony Brook University
"functions, lists, conditional statements, for loops",print job cost calculator,,Python,CS1,2023,https://colab.research.google.com/drive/1tPDxh21A8YO7ossbqKphRTGXbeH5dUgG?authuser=2,Stony Brook University
"functions, lists, for loops, conditional statements",reassign student IDs,,Python,CS1,2023,https://colab.research.google.com/drive/1HjTzi5TmqqOoXZ25hfeCyYd6HU9M1xl8?authuser=2,Stony Brook University
"string basics, functions, conditional statements, for loops, lists",word manipulation,,Python,CS1,2023,https://colab.research.google.com/drive/1OkYG5LVnKdm1hTHSuiXOylSvAnBCZNrM?authuser=2,Stony Brook University
"functions, lists, for loops, conditional statements",Reverse Polish Notation calculator,,Python,CS1,2023,https://colab.research.google.com/drive/1wqTX7HE6irdD9LTSw4gQcZjxnIct1Ojh?authuser=2,Stony Brook University
"functions, lists, for loops, conditional statements","boat race, regatta",,Python,CS1,2023,https://colab.research.google.com/drive/1jCk3aOzDdP-AGxunwTbYE9eSb3fVjq9m?authuser=2,Stony Brook University
"functions, lists, for loops, conditional statements",scantron grading,,Python,CS1,2023,https://colab.research.google.com/drive/1rGXn2KqpSmTh9pXUHOMy9rX683m9upyq?authuser=2,Stony Brook University
"functions, lists, for loops, conditional statements","set intersection, math",,Python,CS1,2023,https://colab.research.google.com/drive/1DSR6kv8iq7bf3sgABd04sO_onFQmIS8A?authuser=2,Stony Brook University
"functions, lists, conditional statements, programmatic arithmetic","Poker, card games",,Python,CS1,2023,https://colab.research.google.com/drive/1ixU11jlh_DFvQvOf5Yr1Aeacxy5Bft5N?authuser=2,Stony Brook University
"tuples, functions, lists, for loops","stock portfolio, economics",,Python,CS1,2023,https://colab.research.google.com/drive/1BMIuB133cAcZdK7ZD9SPxrS2mRFt14fS?authuser=2,Stony Brook University
"functions, for loops, conditional statements, string basics",string separator,string,Python,CS1,2023,https://colab.research.google.com/drive/1b3hor_76hwAF_NNozk9XncubEz2z7n-b?authuser=2,Stony Brook University
"functions, conditional statements, lists, for loops",Fibonacci sequence,,Python,CS1,2023,https://colab.research.google.com/drive/1wBPN1ASVVVI2oWxlEqCN4gHJWQFR9l_s?authuser=2,Stony Brook University
"functions, conditional statements, lists, for loops","local pizza restaurant, food",,Python,CS1,2023,https://colab.research.google.com/drive/1Elkrc_nb7jjEEgxlPDYkr0YW_7we0E9b?authuser=2,Stony Brook University
"functions, lists, for loops","Scrabble score, board games",,Python,CS1,2023,https://colab.research.google.com/drive/12TtYWUcVsCObu_eCvz62O8abi6ICtv0G?authuser=2,Stony Brook University
"functions, for loops, lists, conditional statements",tracking sales of hardware store,,Python,CS1,2023,https://colab.research.google.com/drive/1VkZLT34tIjRhQkxErYHtE7PF0hCnssm9?authuser=2,Stony Brook University
"functions, programmatic arithmetic, for loops, lists",untangling a list,,Python,CS1,2023,https://colab.research.google.com/drive/1RokC9JcehmkZEgGrLkOEDvsOl4RMUZXC?authuser=2,Stony Brook University
"functions, lists, conditional statements",vacation planner,,Python,CS1,2023,https://colab.research.google.com/drive/1fMptzjNbknSmFlvFl6-yCW0qLxaps_a1?authuser=2,Stony Brook University
"functions, lists, conditional statements, for loops","test scores, students",,Python,CS1,2023,https://colab.research.google.com/drive/19gP0P11WnWRiKUKfNl4F0I8vxgNhB7TM?authuser=2,Stony Brook University
"functions, string formatting, conditional statements, programmatic arithmetic","purchasing in bulk, computers",,Python,CS1,2023,https://colab.research.google.com/drive/1cFadKImyRCNdbmNN7KBeXm5aUkBBM50V?authuser=2,Stony Brook University
"string basics, functions, for loops, conditional statements, lists","Dean's list, students, grades",,Python,CS1,2023,https://colab.research.google.com/drive/1Dm-FPi8zSJOFVp08KK9fEdIY-cka4pQH?authuser=2,Stony Brook University
"functions, lists, conditional statements, logical operators",dog intraocular eye pressure,,Python,CS1,2023,https://colab.research.google.com/drive/1a38NStD62o4rcWhDoRbXhlMLwhLpTWGx?authuser=2,Stony Brook University
"functions, conditional statements, lists, for loops",Drop Dead Dice game,,Python,CS1,2023,https://colab.research.google.com/drive/19VHQnaD8bn6laPf_VCYNdAVbAOEme77U?authuser=2,Stony Brook University
"functions, logical operators, conditional statements","eligibility to donate blood, health",,Python,CS1,2023,https://colab.research.google.com/drive/18puQXvXToQIcFtqCWqCNcV983x7t7xc_?authuser=2,Stony Brook University
"functions, conditional statements, logical operators",optimizing field day games,,Python,CS1,2023,https://colab.research.google.com/drive/1iSAiWcVS-Kos4YIRH45lqSWy8MIsLU27?authuser=2,Stony Brook University
"functions, lists, conditional statements, for loops, logical operators",GPA calculator,,Python,CS1,2023,https://colab.research.google.com/drive/1mPNtb09_aIbL8JkY3g8oyHKogaE2ewFV?authuser=2,Stony Brook University
"functions, conditional statements, string concatenation, lists, string basics",insurance ID card number verifier,,Python,CS1,2023,https://colab.research.google.com/drive/1rTJFTIPhmwrA7-VMBiJDWLaG4ImhVHZr?authuser=2,Stony Brook University
"functions, conditional statements, logical operators",movie theatre admission,,Python,CS1,2023,https://colab.research.google.com/drive/1vB0lXF5N-XZmH6r2yAOyfa872wSYZ6Tc?authuser=2,Stony Brook University
"functions, lists, conditional statements, logical operators, string formatting",New York blood donoar eligibility,,Python,CS1,2023,https://colab.research.google.com/drive/1RNQSqF0CePMOZkahz7YkD9giPAJ5dG_P?authuser=2,Stony Brook University
"functions, conditional statements, logical operators","flying, airlines, planes",,Python,CS1,2023,https://colab.research.google.com/drive/1QWQdJRDmWaxp3T2BzGrMqwXyotGeLupV?authuser=2,Stony Brook University
"functions, lists, conditional statements, logical operators",pricing a custom-order smartphone,,Python,CS1,2023,https://colab.research.google.com/drive/1tbv-_-1QkqnAlFoN6EgpI2BXkJtk9RrR?authuser=2,Stony Brook University
"functions, conditional statements, lists, arithmetic operators, logical operators",robotics competition,,Python,CS1,2023,https://colab.research.google.com/drive/18gMTi_n630by9UGRWrsYiacfmp8s3CXZ?authuser=2,Stony Brook University
"functions, conditional statements, logical operators, arithmetic operators","fashion, restaurants, dating, outfit rating",,Python,CS1,2023,https://colab.research.google.com/drive/1xDOT8BRs5-Cb0yOoRbzE_Bpyq944q6T6?authuser=2,Stony Brook University
"functions, lists, for loops, conditional statements, arithmetic operators, logical operators","taking care of a Tamagotchi pet, game, toy",,Python,CS1,2023,https://colab.research.google.com/drive/1dWbmkfQljMtPSxJrmhMZSwoMeJIgK82u?authuser=2,Stony Brook University
"functions, conditional statements, lists, arithmetic operators, string formatting","compute cruise cost, vacation",,Python,CS1,2023,https://colab.research.google.com/drive/1yTh9EtJAZPyrd9oPhtlUm5luNEoPkyil?authuser=2,Stony Brook University
"functions, conditional statements, arithmetic operators, programmatic arithmetic",tution calculator,,Python,CS1,2023,https://colab.research.google.com/drive/1bF12xQW-NReeRCMLMPiYbFLw29Tyo1Hp?authuser=2,Stony Brook University
"functions, lists, conditional statements, logical operators, programmatic arithmetic, arithmetic operators",university admission criteria,,Python,CS1,2023,https://colab.research.google.com/drive/159Ga5CgMls1pY-yksikPpcwhSQgwZ-l9?authuser=2,Stony Brook University
"functions, for loops, string basics, arithmetic operators, logical operators","made up internet language, letter replacement",,Python,CS1,2023,https://colab.research.google.com/drive/1JlaGThNg853GiQKZ7H5dEZAvAABv7Fu-?authuser=2,Stony Brook University
"functions, string basics, conditional statements, programmatic arithmetic, logical operators, arithmetic operators",vacation planner,,Python,CS1,2023,https://colab.research.google.com/drive/1HmsCq89XnJF6RW5EOwUarSOu-pyFt0sz?authuser=2,Stony Brook University
"functions, while loops, lists, string basics, logical operators, arithmetic operators",Pac-Man game,,Python,CS1,2023,https://colab.research.google.com/drive/1AHPKCI37R5a1OuTKuMF_l66KcvUqrZVw?authuser=2,Stony Brook University
"functions, while loops, string basics, conditional statements, logical operators",Pac-Man game,,Python,CS1,2023,https://colab.research.google.com/drive/1XuA1kSQ3-bgPmDBBa9XtDO10N_CqpZkx?authuser=2,Stony Brook University
"functions, lists, while loops, for loops, conditional statements, arithmetic operators","Abundant numbers, math",,Python,CS1,2023,https://colab.research.google.com/drive/1XSAgaRwr_0MMvy3LaSq5PXOLQXnVdX1_?authuser=2,Stony Brook University
"functions, lists, conditional statements, logical operators, for loops, arithmetic operators","Armstring numbers, math",,Python,CS1,2023,https://colab.research.google.com/drive/1tVY3AImn43JEXMLHM3J2FvDHmce-kQ2n?authuser=2,Stony Brook University
"functions, conditional statements, arithmetic operators, logical operators","local eatery, Mexican food",,Python,CS1,2023,https://colab.research.google.com/drive/14ym0ITUZmK590cxj3mHnrC_UmcGl9r0K?authuser=2,Stony Brook University
"functions, conditional statements, while loops, arithmetic operators, logical operators, string formatting",Blackjack dice game,,Python,CS1,2023,https://colab.research.google.com/drive/1juViT9WsZfLa6Pm_3Hk2DpPNazz33myl?authuser=2,Stony Brook University
"functions, lists, while loops, logical operators, arithmetic operators, conditional statements","change, coins, money",,Python,CS1,2023,https://colab.research.google.com/drive/1ZA_cLeFLI1sMFuqdov9iOjaR-cyaxNfZ?authuser=2,Stony Brook University
"tuples, functions, lists, while loops, logical operators, arithmetic operators, conditional statements",robots climbing ladders competition,,Python,CS1,2023,https://colab.research.google.com/drive/11wj-FQL4qfeTFOJF5zgxiibVXMDQiV3P?authuser=2,Stony Brook University
"functions, lists, while loops, logical operators, arithmetic operators, conditional statements",completing major requirements,,Python,CS1,2023,https://colab.research.google.com/drive/1vbtxeniv0rnGRrRZgnplODljMYf6Kc8J?authuser=2,Stony Brook University
"tuples, functions, for loops, logical operators, conditional statements, lists",employee searcher,,Python,CS1,2023,https://colab.research.google.com/drive/1MZwPpXZtdE7Cy16J1Xvtp8B0sPo5k28X?authuser=2,Stony Brook University
"functions, lists, for loop, conditional statements","real estate tycoon, purchase property, budget",,Python,CS1,2023,https://colab.research.google.com/drive/1p1KQMPVSqZVPENcfjQJnIxRRLqFEnEuL?authuser=2,Stony Brook University
"functions, lists, conditional statements, while loops, logical operators, arithmetic operators","integers, prime numbers, math",,Python,CS1,2023,https://colab.research.google.com/drive/1RrSoTsQfmRpin-4_Sb0aT-k6GC9OOHjp?authuser=2,Stony Brook University
"functions, while loops, arithmetic operators, lists, for loops","hail, weather, Collatz sequence",,Python,CS1,2023,https://colab.research.google.com/drive/1Ec3lFPY26gednL47RnW6LaiiiNE7Cnnf?authuser=2,Stony Brook University
"functions, conditional statements, lists, while loops, arithmetic operators, logical operators, programmatic arithmetic",office hour simulator,,Python,CS1,2023,https://colab.research.google.com/drive/1t2xjAl5rt7f5zQb4ErwuAR2G8wN5KyHO?authuser=2,Stony Brook University
"functions, conditional statements, arithmetic operators, while loops","playing tag, gme",math,Python,CS1,2023,https://colab.research.google.com/drive/1m5dWvlQhDlcxmRS8Cs1nvS9SDrk1_2uI?authuser=2,Stony Brook University
"functions, lists, while loops, arithmetic operators, logical operators","flea market, antiques, shopping, budget",,Python,CS1,2023,https://colab.research.google.com/drive/1KsFvVqpSskzrX_q8ZptLMTtXgaN_OQbh?authuser=2,Stony Brook University
"functions, conditional statements, logical operators, for loops, while loops, lists, arithmetic operators, string basics",run length encoding and decoding,,Python,CS1,2023,https://colab.research.google.com/drive/1pMOfJph8RtYnm9BIilXyW9_1AX4rICMT?authuser=2,Stony Brook University
"functions, conditional statements, arithmetic operators, while loops, lists, logical operators",simple turn based game,,Python,CS1,2023,https://colab.research.google.com/drive/1KCf7SbGBmCOrO5JffrpekeYFHYPtSjG3?authuser=2,Stony Brook University
"functions, while loops, logical operators, conditional statements, string basics, lists, arithmetic operators",shopping spree,,Python,CS1,2023,https://colab.research.google.com/drive/1_4hadG7x_s6fNt4SWoNTfkpIdwLod4tn?authuser=2,Stony Brook University
"functions, lists, for loops, conditional statements, arithmetic operators",student grade alert,,Python,CS1,2023,https://colab.research.google.com/drive/1f3QA98FdxR7mYkgxEHG9O3YpHNHELKnO?authuser=2,Stony Brook University
"functions, while loop, logical operators, arithmetic operators, conditional statements, lists, tuples",calculating study time,random,Python,CS1,2023,https://colab.research.google.com/drive/1hBWLi0wDXPzFg67h393ny6KfR6QKZwBd?authuser=2,Stony Brook University
"functions, while loops, lists, conditional statements, arithmetic operators",Collatz/hailstone sequence,,Python,CS1,2023,https://colab.research.google.com/drive/1e8NuGFblNrUppm2ZAQ5TJemnFi2rs6EM?authuser=2,Stony Brook University
"functions, conditional statements, arithmetic operators, for loops, while loops, lists, string basics","look-and-say sequence, math",,Python,CS1,2023,https://colab.research.google.com/drive/1DCnk3wk7loqKBWdwk7CckDfvKkEKifNq?authuser=2,Stony Brook University
"functions lists, while loops, arithmetic operators, conditional statements",Pig dice game,random,Python,CS1,2023,https://colab.research.google.com/drive/1e9tHZ2_rOCJfA-JFyWHghZPcUV1KNHHP?authuser=2,Stony Brook University
"functions, lists, while loops, conditional statements, logical operators, arithmetic operators",unfair hiring system,,Python,CS1,2023,https://colab.research.google.com/drive/13u4g-MadpCOkguKt4FE-Gr2etBVCjJf3?authuser=2,Stony Brook University
"functions, lists, conditional statements, string formatting, while loops, logical operators, arithmetic operators",vampire hunters,,Python,CS1,2023,https://colab.research.google.com/drive/18h0p_9RpzwjLM1fbNhjGlhyBS9D_NzeM?authuser=2,Stony Brook University
"functions, while loops, logical operators, conditional statements, arithmetic operators","virtual pet frog, game",,Python,CS1,2023,https://colab.research.google.com/drive/1VZdOalN5KJ9ciDs4TITSGIY0p2p6Qf9k?authuser=2,Stony Brook University
"functions, conditional statements, for loops, arithmetic operators, logical operators, lists",weighted GPA calculator,,Python,CS1,2023,https://colab.research.google.com/drive/1gT9rkkvbiL5G06tlUO6kLbnS5TpVlRT1?authuser=2,Stony Brook University
"functions, list, while loops, for loops, arithmetic operators, string formatting","Beat That! game, dice",random,Python,CS1,2023,https://colab.research.google.com/drive/168xxCF4XK31Hl-cQwP_gwHx5O57v4dbL?authuser=2,Stony Brook University
"functions, lists, for loops, conditional statements, arithmetic operators","birthday paradox experiment, probability",random,Python,CS1,2023,https://colab.research.google.com/drive/1IAKe8xd-ktbDyiKm9FejBJt7mfKdKU1_?authuser=2,Stony Brook University
"functions, for loops, conditional statements, arithmetic operators, string formatting","car wash business, probability",random,Python,CS1,2023,https://colab.research.google.com/drive/1p2uvs84fuXi6vQ-2Va6baPsyVYa5jDDl?authuser=2,Stony Brook University
"functions, conditional statements, arithmetic operators, logical operators, string formatting, for loops,","chest loot randomizer, RPG game, probability",random,Python,CS1,2023,https://colab.research.google.com/drive/1ZGeOyb-EMbYsABwlK8ztc7deFTPgpvc1?authuser=2,Stony Brook University
"string formatting, functions, for loops, conditional statements, arithmetic operators",generate random phone numbers,"re, random",Python,CS1,2023,https://colab.research.google.com/drive/1SLVK-OZ8jAaTVHcL11oTOC9RG61HVtol?authuser=2,Stony Brook University
"functions, conditional statements, arithmetic operators, dictionaries, for loops, string formatting, lists","horse race betting, probability",random,Python,CS1,2023,https://colab.research.google.com/drive/1_3KSEoLSzfrpoF3bPHgHStbiZjpf28IM?authuser=2,Stony Brook University
"functions, lists, string basics, while loops, conditional statements, arithmetic operators, logical operators","pet rat, game positioning",,Python,CS1,2023,https://colab.research.google.com/drive/1t5Qv3_nj33dJ-JakIb-ruAo7TyUHk_0g?authuser=2,Stony Brook University
"functions, while loops, conditional statements, arithmetic operators, lists","mountain climbing, Mount Everest",,Python,CS1,2023,https://colab.research.google.com/drive/11zygkh51_5YwBg6z4BM0JNbtnMGaV6HV?authuser=2,Stony Brook University
"while loops, logical operators, lists, functions, conditional statements, arithmetic operators, for loops, string formatting","Rock, Paper, Scissors game, probability",random,Python,CS1,2023,https://colab.research.google.com/drive/1KJGOLq3xBDEKMahQ9WCD-twss5MstyLA?authuser=2,Stony Brook University
"functions, lists, while loops, logical operators, conditional statements, arithmetic operators, for loops, string formatting","simulate game of chance, probability","random, math",Python,CS1,2023,https://colab.research.google.com/drive/1V1eNpm6eUX1tvXsiYBT1qukBqAJTo0Pn?authuser=2,Stony Brook University
"functions, conditional statements, arithmetic operators, logical operators, while loops, for loops, string formatting","single player Craps game, dice",random,Python,CS1,2023,https://colab.research.google.com/drive/18f-LtOM0oEcUuTv9avdK4PHY09XZJ4Zg?authuser=2,Stony Brook University
"functions, for loops, lists, arithmetic operators, string formatting",single player Going to Boston game,random,Python,CS1,2023,https://colab.research.google.com/drive/1REPLeWvaI_1Rwp4-04NjE4YLGxe8VxN8?authuser=2,Stony Brook University
"functions, lists, conditional statements, logical operators, arithmetic operators, dictionaries, for loops, string formatting","three card poker, game, cards",random,Python,CS1,2023,https://colab.research.google.com/drive/1moJ321Yx4izGZ_l3On2icyMkSxrCDVUr?authuser=2,Stony Brook University
"functions, while loops, arithmetic operators, logical operators, conditional statements, for loops",single player Pig dice game,random,Python,CS1,2023,https://colab.research.google.com/drive/1rq9bDlVxq4h00VAHh0oKn4hA1t8FU0N_?authuser=2,Stony Brook University
"functions, for loops, arithmetic operators, string formatting, lists","waiter's earnings, wage",random,Python,CS1,2023,https://colab.research.google.com/drive/1QtAfgoTf5S9EaMcc72e9NtFhVdzPSCMF?authuser=2,Stony Brook University
"functions, for loops, lists, conditional statements, arithmetic operators, string formatting","local ice cream shop, probability",random,Python,CS1,2023,https://colab.research.google.com/drive/1tBdraksoMqmhTfxZbEqMznGTw_keV20g?authuser=2,Stony Brook University
"functions, dictionaries, for loops, string basics, conditional statements, lists","anagram classification, words",,Python,CS1,2023,https://colab.research.google.com/drive/1qPWYmAlAXgQPJdvVX190V0WGpdfWQk2j?authuser=2,Stony Brook University
"functions, conditional statements, arithmetic operators, lists, string basics, text files, for loops",word permutations,,Python,CS1,2023,https://colab.research.google.com/drive/1kqYj-L9QZ6XxWhYWY3UI14ra6cFCaavp?authuser=2,Stony Brook University
"functions, for loops, dictionaries",assemble student data,csv,Python,CS1,2023,https://colab.research.google.com/drive/1PcihIMSebRnHaXv7nheV0I4Fuso5tozi?authuser=2,Stony Brook University
"functions, conditional statements, arithmetic operators, dictionaries",banking,,Python,CS1,2023,https://colab.research.google.com/drive/10KVanBlRWiIzKC-LYutcUCS7yZ-0nhyV?authuser=2,Stony Brook University
"functions, conditional statements, lists, for loops, dictionaries",basketball team draft,pprint,Python,CS1,2023,https://colab.research.google.com/drive/1nJa5FN14CPLsSuvkw2FyZAiN-jerSErc?authuser=2,Stony Brook University
"functions, dictionaries, for loops, arithmetic operators","snacks, food, candy, amusement park",,Python,CS1,2023,https://colab.research.google.com/drive/1Ntp8iKrRcE5Pyw8ryQ2gyRJMYk0LKP9c?authuser=2,Stony Brook University
"functions, dictionaries, for loops, conditional statements","Caesar cipher, ASCII values",,Python,CS1,2023,https://colab.research.google.com/drive/11aJINCDBu0k-sIwj_wO8bVol1qbWxHox?authuser=2,Stony Brook University
"functions, for loops, dictionaries, lists, conditional statements, arithmetic operators",course registration,,Python,CS1,2023,https://colab.research.google.com/drive/1-RNzLUUnpqzLPhYIAcnf8fKKH4ugsnIG?authuser=2,Stony Brook University
"functions, dictionaries, lists, for loops, arithmetic operators",dictionary of GPAs,pprint,Python,CS1,2023,https://colab.research.google.com/drive/1UJPGcZA4MhU7uqMAlWMW2_KDJR5aom92?authuser=2,Stony Brook University
"functions, dictionaries, string basics, conditional statements, arithmetic operators, string concatenation",date reformatter,,Python,CS1,2023,https://colab.research.google.com/drive/1t0hn0m0Wlv8Wcp4BFQ6XywQkOHEmG_Ow?authuser=2,Stony Brook University
"functions, conditional statements, arithmetic operators, for loops, dictionaries",calculate farthest distance traveled on vacation,,Python,CS1,2023,https://colab.research.google.com/drive/1WcWq8ovFMHeRoXrIBUth0VSsrtyLWEZq?authuser=2,Stony Brook University
"functions, dictionaries, for loops, string basics, conditional statements, arithmetic operators, string concatenation",football season records,,Python,CS1,2023,https://colab.research.google.com/drive/1D0FrsHrGFf4tRhsyryEOjZVtvgtU8Ges?authuser=2,Stony Brook University
"functions, string basics, dictionaries, for loops, lists",convert human-readable time intervals to date components,,Python,CS1,2023,https://colab.research.google.com/drive/1tmE-0L3G-7TWqdqosXF6KFodPiS7qtn2?authuser=2,Stony Brook University
"functions, conditional statements, dictionaries, string basics, for loops, arithmetic operators",grocery shopping,,Python,CS1,2023,https://colab.research.google.com/drive/1Lnau4aYaXm-Z5GJL8neOTQgNZLgeh0DD?authuser=2,Stony Brook University
"functions, for loops, conditional statements, logical operators, dictionaries",house sales tracker,pprint,Python,CS1,2023,https://colab.research.google.com/drive/1Wye4ydy82WVGJzXrcrSCnONZ7lYv42nR?authuser=2,Stony Brook University
"functions, html files, for loops, conditional statements, string concatenation, string basics",HTML stylizer,,Python,CS1,2023,https://colab.research.google.com/drive/13IildFxb0RAvIP6etVxmz67weZo0EmH3?authuser=2,Stony Brook University
"functions, dictionaries, for loops, lists, conditional statements",identify active club members,csv,Python,CS1,2023,https://colab.research.google.com/drive/1pEKOc0jV9SxBjz2vsoLKLhjOcpbXzACf?authuser=2,Stony Brook University
"functions, string basics, for loops, assert statements, conditional statements, logical operators, arithmetic operators",image compression and decompression,,Python,CS1,2023,https://colab.research.google.com/drive/1NKY9Nii3rlJ7chcZAu8mxONP5PPv8QJ_?authuser=2,Stony Brook University
"functions, dictionaries, for loops, arithmetic operators, conditional statements, lists","inn, hotel booking",,Python,CS1,2024,https://colab.research.google.com/drive/1JGJV-FzQVgBTFu4nogdwDFjcbK56EOSW?authuser=2,Stony Brook University
"functions, dictionaries, lists, for loops, conditional statements, arithmetic operators","managing clinic patients, health, medicine",pprint,Python,CS1,2023,https://colab.research.google.com/drive/14WETZlivuguC1RMHxXGEsu5c8Ktoil45?authuser=2,Stony Brook University
"functions, for loops, conditional statements, logical operators, arithmetic operators, dictionaries, lists, string formatting",order lunch,pprint,Python,CS1,2023,https://colab.research.google.com/drive/1NwxJ-Vn-eW0cq4gNy2-UVg1ntcIfB79y?authuser=2,Stony Brook University
"functions, text files, for loops, string basics, conditional statements, arithmetic operators, lists","paint categorization and costs, art",,Python,CS1,2023,https://colab.research.google.com/drive/1S-5k7mLrYxtnMpLjcAcx5CrgRISD0EFA?authuser=2,Stony Brook University
"functions, while loops, dictionaries, arithmetic operators, lists, for loops, conditional statements",string scrambling,,Python,CS1,2023,https://colab.research.google.com/drive/1P7SS4zLcWDjb1AWayz3q7_XMR7vcjY9U?authuser=2,Stony Brook University
"text files, functions, for loops, string basics, lists, arithmetic operators",credit card bill,,Python,CS1,2023,https://colab.research.google.com/drive/1jL9q-k-YeFwrALnH6cFB5c3tobolyzA4?authuser=2,Stony Brook University
"functions, string basics, dictionaries, for loops, arithmetic operators, conditional statements, logical operators",plagiarism checker based on word count,string,Python,CS1,2023,https://colab.research.google.com/drive/1-Gwypz74EkRKnrPuxEjDlGPavGzsscTu?authuser=2,Stony Brook University
"functions, dictionaries, arithmetic operators, conditional statements, for loops",population of continents and countries,,Python,CS1,2023,https://colab.research.google.com/drive/1uv8yW98myk8rFy2abU5FZ6dqeufiFvEq?authuser=2,Stony Brook University
"functions, for loops, dictionaries, arithmetic operators, string formatting","secret shopper in grocery store, budget",,Python,CS1,2023,https://colab.research.google.com/drive/1fhFoyumQLEEs5oWsg4yPQCKdKxDikzmv?authuser=2,Stony Brook University
"functions, for loops, conditional statements, arithmetic operators, lists, dictionaries",shopping list,,Python,CS1,2023,https://colab.research.google.com/drive/1uH7-nTCIA4m1Tnz_ilhukUjsPYr2Wq4q?authuser=2,Stony Brook University
"functions, text files, lists, string basics, for loops, arithmetic operators, conditional statements","simulating database lookups, assembling a course roster",,Python,CS1,2023,https://colab.research.google.com/drive/1Cm229-UDPGz-Us6L8zyAJkMkUkttvg8p?authuser=2,Stony Brook University
"functions, for loops, dictionaries, conditional statements, arithmetic operators, lists, string formatting","sin tax, alcohol","random, pprint",Python,CS1,2023,https://colab.research.google.com/drive/1CQnAZybIxxftwYxV3AVi0QHpojEAFiQy?authuser=2,Stony Brook University
"text files, functions, for loops, string basics, conditional statements, arithmetic operators, string formatting",store receipt reader,,Python,CS1,2023,https://colab.research.google.com/drive/1yy-eSIlEDhnXMJIr89sRy5uF1PcZpBbd?authuser=2,Stony Brook University
"functions, string basics, lists, while loops, conditional statements, arithmetic operators, text files, for loops","string compressor, file compressor",,Python,CS1,2023,https://colab.research.google.com/drive/1rrwpPn2KVyNDf896x_H1fJKlb3-XmBSv?authuser=2,Stony Brook University
"tuples, functions, text files, dictionaries, for loops, arithmetic operators, string basics, lists","double cipher, encryption, mapping positions",,Python,CS1,2023,https://colab.research.google.com/drive/1X_9cErCZOn-AjtLQo_xsDUMEeDjlNBDQ?authuser=2,Stony Brook University
"functions, for loops, lists, arithmetic operators, dictionaries, conditional statements","financial checkup, budget",pprint,Python,CS1,2023,https://colab.research.google.com/drive/1kHQKHLyvpXeY-Ff4lAP59lzaDj5zKTCo?authuser=2,Stony Brook University
"functions, dictionaries, for loops, conditional statements, arithmetic operators, lists","cooperative goose game design, theivery",pprint,Python,CS1,2023,https://colab.research.google.com/drive/1aiFZF7GU3GXvetlUjfOIKgTeE1SDZzTK?authuser=2,Stony Brook University
"functions, for loops, string basics, arithmetic operators, dictionaries",vacation cost calculator,,Python,CS1,2023,https://colab.research.google.com/drive/1R8V17_B2Hqkj9ptmsCw_hpynE0wXpvXX?authuser=2,Stony Brook University
"functions, dictionaries, conditional statements, arithmetic operators, lists",amusement park visitors,pprint,Python,CS1,2023,https://colab.research.google.com/drive/1EvzcMjvMpduSruXR3xb0RYm5iysp3JyJ?authuser=2,Stony Brook University
"csv files, dataframe basics, visualization",airline delays,pandas,Python,CS1,2023,https://colab.research.google.com/drive/1nDbjUxI6GbuF1Tcu-V63oNN15KFV-jei?authuser=2,Stony Brook University
"csv files, dataframe basics","fake news, presidential election",pandas,Python,CS1,2023,https://colab.research.google.com/drive/1KkVpHg38c4eqvRf4u9FzJ0baHZ1WEUcn?authuser=2,Stony Brook University
"dataframe basics, visualization",Animal Crossing New Horizons game,pandas,Python,CS1,2023,https://colab.research.google.com/drive/1lLfxAlzZvbeksgRs-Y9pM_JXNItj6pYA?authuser=2,Stony Brook University
"dataframe basics, visualization, data cleaning","Legos, games",pandas,Python,CS1,2023,https://colab.research.google.com/drive/1vrehOjro9y2QZ5AVe3Ntni4Y3mlv6dUT?authuser=2,Stony Brook University
"dataframe basics, visualization, data cleaning",life expectancy,"pandas, seaborn, matplotlib",Python,CS1,2023,https://colab.research.google.com/drive/1p6LljAc5ukWZX4xifabbEN3FheALXKgk?authuser=2,Stony Brook University
"dataframe basics, visualization, data cleaning","NYC Airbnbs, hotels",pandas,Python,CS1,2023,https://colab.research.google.com/drive/1ZB-gyIWR7ZxxeYomciKjUtcKojpTZnnd?authuser=2,Stony Brook University
"dataframe basics, data cleaning, visualization",Seattle housing market,pandas,Python,CS1,2023,https://colab.research.google.com/drive/1gW19iDZG4BXXn6WMfDjc2-2ybzF6_0-q?authuser=2,Stony Brook University
"dataframe basics, data cleaning, visualization",cereal,pandas,Python,CS1,2023,https://colab.research.google.com/drive/1blUn4JGSWBf-odSb0yGlTi8P2km_30xY?authuser=2,Stony Brook University
"dataframe basics, data cleaning, visualization",video game sales,pandas,Python,CS1,2023,https://colab.research.google.com/drive/16BhLaHexd9_7DuajUw7Jg8aOlcxhhLQT?authuser=2,Stony Brook University